patientId,Target,label
3498f71d-ee17-4a16-a0dd-3d28794cf880,0,NON_PNEUMONIA
3e8f1321-ac53-4ecd-8ca2-5150bfafabe7,0,NON_PNEUMONIA
61366af6-2df8-4721-944d-ea0fdec6ed00,0,NON_PNEUMONIA
d5fab21b-cd53-4a20-9702-a58ea1978623,0,NON_PNEUMONIA
73a0777c-caaf-405f-80ab-342715b384c9,1,PNEUMONIA
4b0f3bf3-fa7c-4e6d-9ef9-2d65f485021c,0,NON_PNEUMONIA
622d6303-018b-4dcf-88b7-ac0b9e529a9f,0,NON_PNEUMONIA
6d38a88c-d121-48bd-8ac6-d29098d1ecb3,0,NON_PNEUMONIA
e0dc43c0-a346-4573-a52a-a935fe54c76b,0,NON_PNEUMONIA
b090dd7d-b4d9-4ebe-b36d-95f83510e955,1,PNEUMONIA
2d232afa-67dc-4a77-bf1a-665e2531f634,0,NON_PNEUMONIA
9a4b8ac5-0371-4bc0-a609-32ad46806f7c,1,PNEUMONIA
0a74badc-f221-4017-96a6-055ee057b57d,0,NON_PNEUMONIA
9e3268e6-92f8-49f4-b703-cb797ce60ce5,0,NON_PNEUMONIA
5638cc31-f018-4701-a668-b98eac35a0b8,0,NON_PNEUMONIA
61cf3ee7-bf64-4376-8ade-0da34a802894,0,NON_PNEUMONIA
fcd6452c-680d-40a6-9fc6-1793eb3ca0a8,1,PNEUMONIA
db024b46-4a82-4713-8e8c-712f32427c9e,0,NON_PNEUMONIA
326f120e-54fa-48fa-ad82-253125c9dea9,0,NON_PNEUMONIA
c67bbca3-9cc6-4eb8-8bdf-55378463e0b1,1,PNEUMONIA
e3033174-566b-40dd-b717-68bc91075647,0,NON_PNEUMONIA
c7024796-39ed-4eda-906d-65a1fb5d5c52,1,PNEUMONIA
b3b09e3c-3e2c-43cc-bf1f-56d317769ee1,1,PNEUMONIA
e4deb360-4f7e-45c8-9412-5936ae022362,0,NON_PNEUMONIA
adce8349-6836-4328-ab63-f356d0bbe298,1,PNEUMONIA
73286fe9-2e42-4a75-b071-a4c2173672a4,1,PNEUMONIA
bf99f510-56e1-421b-ad0f-ad10f4cdd3a3,1,PNEUMONIA
05f9a259-1b07-4e83-8e30-6b01f3ae1cf1,0,NON_PNEUMONIA
cd95e38b-a837-4b7c-8d00-cf5bfd223c73,0,NON_PNEUMONIA
6a0e4cb3-f046-4168-b09d-2a6ac99afc15,0,NON_PNEUMONIA
80bb1913-c1a4-4f50-a2e0-a9e237ee2a53,1,PNEUMONIA
0808c4af-9ed6-46e3-a936-2cafb0004e6a,1,PNEUMONIA
4dca2396-aef6-459e-9827-efdd3bef8c76,0,NON_PNEUMONIA
72dbeeca-38a3-4375-942a-9c3b098da64a,1,PNEUMONIA
3d7cde16-cbce-4a84-997c-11b9befe3f23,1,PNEUMONIA
d4a31817-cd95-46ad-b41d-9350faa087c8,1,PNEUMONIA
07afb190-e345-418c-8bd8-ca864b11b6d1,0,NON_PNEUMONIA
68644ba7-8699-4b76-aac3-6237c3b2f20d,0,NON_PNEUMONIA
36113737-c1e4-4261-96aa-5ebd75f3b60b,0,NON_PNEUMONIA
17f68ac3-2385-4b13-b8c0-66ba8b343205,1,PNEUMONIA
7a530f4d-13af-4e4e-bf2e-080c7fb27ffb,1,PNEUMONIA
342bd0cf-b337-40e9-8512-eb170292e2f2,1,PNEUMONIA
7358decc-5bb3-4fad-8eab-c3c6459d2c11,1,PNEUMONIA
0c7c5bbd-b443-422c-b772-a8bd90900647,0,NON_PNEUMONIA
8fac10c1-1b23-447b-9169-ea50cae270c2,1,PNEUMONIA
42900731-1044-4fca-9641-96c7dd02625c,1,PNEUMONIA
5d891e1c-08bc-4def-a56d-5748cbdc6d34,0,NON_PNEUMONIA
7e608cc0-424d-4cd5-a690-e4f586710b2f,0,NON_PNEUMONIA
c2ed72cd-0390-46c3-ac73-601b1a875d5d,1,PNEUMONIA
f500e821-60d4-49ca-98b3-88d55a1fc1c3,0,NON_PNEUMONIA
e5472077-9544-4297-b632-84c97082ec7a,0,NON_PNEUMONIA
ace45a97-b369-4a52-a8d9-fccf8ab5c010,0,NON_PNEUMONIA
e2fbe7af-e71f-40e5-9cf1-2c41caea4527,1,PNEUMONIA
9373e0be-021b-4ef4-b7d8-973ea23caee3,0,NON_PNEUMONIA
83f0d9e7-520b-41ee-a7c0-f93713784281,1,PNEUMONIA
87e4af8b-1110-481d-86de-f315ca03936d,1,PNEUMONIA
cbaf7d25-1da0-44bb-9607-20de66074c9b,0,NON_PNEUMONIA
33a39200-fa81-4530-ae1e-274ca204f3ea,1,PNEUMONIA
93870d09-4d81-4d16-b703-791700c8eb57,1,PNEUMONIA
761f4498-6f0d-487c-99cc-244136ef8a69,0,NON_PNEUMONIA
f759e4b7-21fe-4f3a-aaeb-0b8b99cb103c,1,PNEUMONIA
bc7b5348-574e-49a2-a20a-719d942a9c31,1,PNEUMONIA
6f2fa03b-7a04-4795-b927-bf0d32b24f73,0,NON_PNEUMONIA
b5a4e967-a8dc-40b1-88dd-a6685fdc26eb,1,PNEUMONIA
4566ef68-f103-40b7-bbd2-f5e620191c0d,0,NON_PNEUMONIA
4c53a757-190d-40b5-9d98-cacbb547874c,0,NON_PNEUMONIA
f970005f-e300-4102-a486-f9bbf30849bb,0,NON_PNEUMONIA
cf24b27f-989b-401c-b36f-f48d8404ea05,0,NON_PNEUMONIA
e7f182ac-e84e-4e0a-89f9-be61ea3c66c2,1,PNEUMONIA
24ed1939-bec5-43dd-9206-0a8091f2602f,0,NON_PNEUMONIA
df6fce59-efa3-41a1-bdf7-1ff27cad394f,1,PNEUMONIA
0daa445f-6b0b-499f-8162-91296e89f61c,1,PNEUMONIA
15caed66-ea48-488f-8c54-4f6debd7645d,0,NON_PNEUMONIA
8e87d067-7d6a-43d4-85bf-e10743338aa3,0,NON_PNEUMONIA
b7e6c8a5-c115-4a0a-9838-e74604a685b1,1,PNEUMONIA
bfe7e758-97b3-4763-a91b-8bf559c143a4,1,PNEUMONIA
ba237771-f858-4f79-9efe-318e07bb896e,0,NON_PNEUMONIA
acb5c720-f741-415c-993c-65855be08ffa,1,PNEUMONIA
f6fc2565-6f6c-4f0c-9a4f-c367ef4cacf0,0,NON_PNEUMONIA
ccb10edf-bdb8-4022-b6ce-c131dee4541b,1,PNEUMONIA
511d4f71-c84c-4bed-913e-50669fa80fd7,0,NON_PNEUMONIA
0ca3f31a-ace5-4bd2-9900-b152cc212c8e,1,PNEUMONIA
8be52575-7877-41c2-a1cd-cb16915273b6,1,PNEUMONIA
072e7048-52f1-4b2b-be08-42e0ca1ba1ee,1,PNEUMONIA
06ac3c8c-cd1f-4e10-ac24-4cb4f3ab1243,1,PNEUMONIA
5b4dc56c-9ca2-4fed-84ac-97ded168fcfb,0,NON_PNEUMONIA
783d1dfc-ece5-4b84-8da5-dc836ae869a9,0,NON_PNEUMONIA
165bc884-61e3-4fd8-a799-643a8626c7e5,0,NON_PNEUMONIA
b17cc4ff-5181-4a4c-97d6-cb23c91fb4c8,0,NON_PNEUMONIA
3912ec76-6f03-4ce6-8065-8e5f442a2437,1,PNEUMONIA
ef605eca-af37-4409-9043-6ff34392fee5,1,PNEUMONIA
f3d51616-15d7-419c-acae-90413b7fdcae,1,PNEUMONIA
821692fd-9659-4179-b408-e4dda2e10dae,0,NON_PNEUMONIA
de021bc5-eacc-4c73-a8c2-7f98d5467c52,1,PNEUMONIA
90cef4f8-3198-4c71-96ac-ac3ed528908f,0,NON_PNEUMONIA
17bb233f-6ee9-4645-92ee-b415499f691a,1,PNEUMONIA
e2e5f059-b210-4b5e-9dba-9a6a4e0df2c9,0,NON_PNEUMONIA
5df1e543-92ca-42f2-94a8-7446f944a1ba,1,PNEUMONIA
be9e9eea-96d0-43a3-801e-b39bfd209ca7,1,PNEUMONIA
d51f1922-c0ce-4391-9214-a31a90686659,0,NON_PNEUMONIA
77547063-7732-46c1-ad38-d3d0dda9a55f,0,NON_PNEUMONIA
096a447e-8908-432b-a713-a51d3cd2ae9e,1,PNEUMONIA
cb685e37-078e-4752-a285-e05c51c67ee4,0,NON_PNEUMONIA
ac88c984-77c4-4407-ac9b-157861501eec,1,PNEUMONIA
a4fb24c7-b45e-4bbd-afad-6a9ec1416185,0,NON_PNEUMONIA
74c665ca-a728-44bc-8131-8e15ec862cbf,0,NON_PNEUMONIA
9eb93611-08de-4ae9-a44d-4d86dd123013,0,NON_PNEUMONIA
d861ba7e-2b09-4606-a81c-b47cfde2b4c1,0,NON_PNEUMONIA
26950e98-3b48-4d7c-b2d0-daa4249be551,1,PNEUMONIA
5f81b127-8dfa-4499-ba57-93c229cc44f4,0,NON_PNEUMONIA
0b569b4c-107f-4bf4-9166-c4f51a9f881a,0,NON_PNEUMONIA
79702301-1ccc-4a54-829d-547a3af5e85a,0,NON_PNEUMONIA
38e3b0bc-e533-408d-a589-ca5abecce596,0,NON_PNEUMONIA
a974ced3-da4c-48fc-8279-8f37e703a409,0,NON_PNEUMONIA
85727853-cb45-478d-a517-a0f0c85d0eb5,1,PNEUMONIA
156634a8-5ca7-4822-92cd-677aedc2247a,1,PNEUMONIA
0a6a5956-58cf-4f17-9e39-7e0d17310f67,1,PNEUMONIA
6507fe24-17e0-4de7-aa13-963e93c10ce9,0,NON_PNEUMONIA
708fa90a-d9d2-4b36-aa81-445037788347,0,NON_PNEUMONIA
39552f5b-ee51-4a9a-9028-8fcdaae9baac,1,PNEUMONIA
31ab18de-1518-4300-b2f1-4d6278f05ef6,0,NON_PNEUMONIA
819825bd-1bb0-4eef-9299-e2ae28531c2f,1,PNEUMONIA
e8d5ed15-7cb5-4872-9c44-8a92a965264b,0,NON_PNEUMONIA
4878535b-ef11-4656-b44c-ed21d223e4d3,1,PNEUMONIA
d84d271a-8ea1-4065-90e5-9f9c94794310,1,PNEUMONIA
c866d283-63c1-448b-a322-f9f847a65f27,0,NON_PNEUMONIA
e0fa42ad-0d4a-4827-bc8a-812825aab227,0,NON_PNEUMONIA
776b44fa-43e6-4f7b-87fb-7ae97763085f,1,PNEUMONIA
1678b850-2b76-4d6c-8f8f-bf1503e2d761,0,NON_PNEUMONIA
63ffaa0f-b764-4d5c-8462-8935d6389bb3,0,NON_PNEUMONIA
726bccda-f651-4daa-a681-4307ae71d809,0,NON_PNEUMONIA
5a2f1408-caa2-4f0f-b14e-71ee713dc737,0,NON_PNEUMONIA
09a22f6d-5717-4c48-bf4c-531db698aaac,1,PNEUMONIA
354c3756-43ed-4921-adf8-60be49a8b7e8,0,NON_PNEUMONIA
3ebf4e25-fb47-4040-a1f3-236fdad3e0f7,0,NON_PNEUMONIA
35ffa64a-fc84-4582-95ad-40d4eab93197,1,PNEUMONIA
b6271674-f13d-4087-ae03-d6ae35381dfc,1,PNEUMONIA
8d5c67de-61a3-49ee-9f57-49e13ed92ed2,1,PNEUMONIA
4a567c8b-ab4e-4c3a-a053-9a23b087545a,1,PNEUMONIA
3b75d0e1-a430-4d1e-a89e-672d25ca6953,1,PNEUMONIA
3a010152-9ce2-4780-bdd8-bac6fa101991,1,PNEUMONIA
020a16e3-baf9-4cf0-859c-c79b5253d717,1,PNEUMONIA
3d2b0b21-1b73-44b0-b495-60b5262753bb,0,NON_PNEUMONIA
115bf7b6-065a-46eb-bd14-f4afbc8384f3,1,PNEUMONIA
5f8ed2f4-791c-4eb5-a0fc-3d5437f3ceb7,0,NON_PNEUMONIA
44f10d11-3736-4b77-8212-7fee444f0fc8,0,NON_PNEUMONIA
ed7dc9a2-6694-4d2b-846d-acaecbabd298,0,NON_PNEUMONIA
46c48199-1dcc-469c-ba56-f7a741dbfc50,1,PNEUMONIA
611a59c3-68d4-48fd-84d9-74f67339b5e1,0,NON_PNEUMONIA
a20a5357-fcdc-4d8f-b5ad-7a49c2df7db5,1,PNEUMONIA
86d679f5-254b-433f-b69b-01750d8fb6b4,0,NON_PNEUMONIA
ec4cf99b-0d23-4aa5-abac-3f8ae0257eb9,1,PNEUMONIA
0ad6376d-b516-41f3-b9ef-9ad8d2dc642e,0,NON_PNEUMONIA
0f0bc2f0-761b-4d4e-a0ae-a6f5a628ab1c,1,PNEUMONIA
b9364ec8-7b56-4432-bc54-340dfc8a3720,0,NON_PNEUMONIA
0ae82435-399e-4cf1-9d78-92d1c184178d,1,PNEUMONIA
3576b088-b3b9-40f2-bd44-de169e3e82f7,1,PNEUMONIA
27511036-dc83-4708-a928-d0e9f2923299,0,NON_PNEUMONIA
975aac17-f7e4-4b6c-a669-e73b0bb5caef,1,PNEUMONIA
872805c1-b277-4386-bc7a-4fde8d0647c9,0,NON_PNEUMONIA
899b7bbf-dd21-4b0e-ab94-b2a41af44cc9,0,NON_PNEUMONIA
4fa00b91-3a79-4c58-afd7-06eef0487c06,0,NON_PNEUMONIA
e1d23cbe-213d-48d6-a8c2-672c4e68285d,0,NON_PNEUMONIA
8c1f8de9-95a8-47d1-be3d-d8ea33bdeef9,0,NON_PNEUMONIA
f02f5c9e-9ea7-4299-9b2c-90ab1586dc86,0,NON_PNEUMONIA
f3022722-2635-497a-89a4-72f21b03ace5,0,NON_PNEUMONIA
e7b3b69e-aa81-4f62-8c7f-24c3a2d5cf69,1,PNEUMONIA
4b0e4413-56aa-48dd-a9ea-4712d211334c,0,NON_PNEUMONIA
17e0f44b-39d6-4e3f-abd0-066fd94ee6de,1,PNEUMONIA
24cb4fd3-7f4b-4bc7-a9c1-24be6c6e09de,1,PNEUMONIA
629f59dc-5e5b-4c71-8201-308827e78873,1,PNEUMONIA
1ef28712-7b54-49de-838a-3a56326d26a0,1,PNEUMONIA
13932109-fbd1-4b6b-b81c-91682740cc50,1,PNEUMONIA
9114e85c-ef19-450e-ba4a-0290d2f727b6,0,NON_PNEUMONIA
fce56107-c115-4cb6-b340-19f87b757035,1,PNEUMONIA
d57f327a-a211-4e95-9bf9-0c190c9ae0ab,1,PNEUMONIA
2b4c09a2-c8d7-4773-84e3-f1aa664fba9a,1,PNEUMONIA
32176b3f-d931-4219-a5f8-e2af7eff02b3,1,PNEUMONIA
d71cf4ee-6343-4781-9638-d27a70caae1b,0,NON_PNEUMONIA
b73af135-9b6b-4bb3-bfd5-b9439674003b,0,NON_PNEUMONIA
981a2806-2512-4ff1-9c99-2eed4ad32b9c,1,PNEUMONIA
d095587b-5d20-421f-9acb-318d6abae1b0,0,NON_PNEUMONIA
b6f979aa-64e3-4211-a69d-fbe8151f6ac4,1,PNEUMONIA
08941080-30dc-449f-a8e1-e6530f4695a2,0,NON_PNEUMONIA
cc5cdf54-6e16-47ca-a7f6-951c31899b74,0,NON_PNEUMONIA
67b8ef8a-5285-4eec-88c8-8f4fe53f0f6e,1,PNEUMONIA
1620067b-02c9-4f3d-9b49-a1b7f6f77358,1,PNEUMONIA
f4fffaa6-a5b8-494e-911b-1560d1937422,1,PNEUMONIA
41b84fdb-a6fe-4a5b-ab36-56da019465cc,0,NON_PNEUMONIA
d17ad5c8-2c59-4b36-9722-3d4e9bf12f87,0,NON_PNEUMONIA
96ed9839-9487-4700-bff1-d56aca5c00e2,0,NON_PNEUMONIA
cf7b4277-f473-41da-af06-b7efe122a61d,0,NON_PNEUMONIA
0cb75033-7ff0-4f4b-938f-cb6b58bf7fdb,0,NON_PNEUMONIA
8502b7bb-f681-47a1-aa45-06f6b692841a,1,PNEUMONIA
bed0dd75-f279-4fb1-b2be-97222380231c,1,PNEUMONIA
c1f7889a-9ea9-4acb-b64c-b737c929599a,1,PNEUMONIA
f652df75-c199-44a9-870b-54f68aae814d,1,PNEUMONIA
3c6cc4e8-ab85-4053-9844-4f9eded69eec,1,PNEUMONIA
ae4cc69b-20a6-4a62-9fb3-c1767fdd37c6,0,NON_PNEUMONIA
bc6dd946-0b3f-445f-8d78-3cc39a0b14ae,1,PNEUMONIA
747b1c03-c554-41ea-9d57-7b54894985f3,1,PNEUMONIA
76b04844-0e0b-4bd7-af6a-6f1b6756a45c,0,NON_PNEUMONIA
73f6d76b-c5a2-4493-b39a-7ab830178f72,0,NON_PNEUMONIA
8cb8f8fc-a2bd-4133-a483-daaa6ecf36c1,0,NON_PNEUMONIA
1b0b50d0-c31e-4713-b252-292423149457,0,NON_PNEUMONIA
95bb8cc2-d5d5-4ef3-ade0-18e5ff5b2e08,0,NON_PNEUMONIA
a4a95682-8ee5-42a1-a957-a4e8a924da2f,1,PNEUMONIA
c319b111-f61f-487e-a02b-444ea13e36ec,0,NON_PNEUMONIA
c3853f9a-a16f-4ee4-8bdb-5f636755855d,1,PNEUMONIA
5170a7d4-a119-4471-9f3c-824756bf6644,0,NON_PNEUMONIA
32c41ed0-6704-465c-94d3-3073b9b4415e,1,PNEUMONIA
eb3d5fed-558d-4aba-b13e-f7917c49c79b,1,PNEUMONIA
07d0762b-8d1f-41d9-8ea9-1b6e4097cd33,0,NON_PNEUMONIA
6aa660eb-06a5-45de-9819-84da5b02e787,0,NON_PNEUMONIA
6be29d68-1927-4609-a7d2-4fcc9ccaf9af,0,NON_PNEUMONIA
4fdb5a1b-7bb8-4133-aa82-2c051b94bc2e,1,PNEUMONIA
f0fdda0b-9783-4adb-8767-5ceef14abc21,0,NON_PNEUMONIA
ab6c8c45-7aad-43f3-9b5c-49cfad1dc0f6,1,PNEUMONIA
d5abcfba-f083-4021-ae4f-a1075d0dd122,0,NON_PNEUMONIA
a50278a5-b357-4c86-b4ba-fdf099178f69,0,NON_PNEUMONIA
c26c0bb6-125b-497f-a3fa-04a5729b36c0,1,PNEUMONIA
89c12318-d65a-4b6e-8d4c-23237c2a0630,0,NON_PNEUMONIA
edef684a-6921-41a1-a5a3-3d66a4114f40,0,NON_PNEUMONIA
fd147f16-7eeb-474f-98df-c3b0c39c163c,1,PNEUMONIA
b12e250e-9e7d-474f-8afd-9546a6ef0afd,0,NON_PNEUMONIA
f92ddac9-aba6-4607-ba72-6ab7e8776fef,1,PNEUMONIA
8da57631-72c3-484c-82e5-34a124170d98,0,NON_PNEUMONIA
f760c946-a103-4991-a6e5-ff60c24cd99f,1,PNEUMONIA
4a6e2719-0f8f-4b3f-8e00-afb65fc84050,0,NON_PNEUMONIA
3a01bb45-4742-4df3-a519-482cb2a8023e,0,NON_PNEUMONIA
15508c0e-a6bd-4d3a-9be2-76466b9f7eb1,1,PNEUMONIA
e789379b-99cc-4ba1-80b0-ef1810fd583c,0,NON_PNEUMONIA
e6063bd8-e46c-4430-a63c-03adc37511f7,1,PNEUMONIA
46ed3eed-7206-4235-b4d3-ffeeb54b0728,0,NON_PNEUMONIA
72a10e64-2d93-4b61-8b90-8efef7284ced,1,PNEUMONIA
878ae8b8-f206-4d82-8099-3a56f89bb9c4,1,PNEUMONIA
e15fca95-ebf1-4b48-b94d-aa5b702369b5,1,PNEUMONIA
356ed546-ec57-4502-8fb9-1a9b48b6d83f,0,NON_PNEUMONIA
53d4697b-98ba-4dbc-892e-a602baec576b,1,PNEUMONIA
b4299b1e-7fb8-479d-8754-0a8fa6463400,1,PNEUMONIA
7f9623a6-510f-4e84-8e58-12b65a5e9dfc,1,PNEUMONIA
74a08fcb-fc92-4b2f-9301-3602dbaf0a41,1,PNEUMONIA
de2e0dd1-ddeb-4516-95cd-a0e854613b31,0,NON_PNEUMONIA
4b02a490-e730-4d4a-b17f-c6fea9c47d6e,0,NON_PNEUMONIA
9785f111-2f91-4137-998e-6b2e516bc97d,1,PNEUMONIA
3b1a0e72-4870-4927-8171-293f1a767bde,1,PNEUMONIA
4f7c7705-738d-4ab2-818c-1fadc70c1fee,1,PNEUMONIA
3ef164d4-0e03-4695-bc05-bad84b526960,1,PNEUMONIA
be8c0087-ae1c-4b60-acb0-4b2e6157eadb,1,PNEUMONIA
3a6c8986-b679-43a4-aa31-9e9e59b5d79b,1,PNEUMONIA
b3e8a708-d8e1-434e-92ca-5d5e79aca86e,1,PNEUMONIA
f722bf9f-827a-40c4-900d-ffeec2a630e6,0,NON_PNEUMONIA
1e851877-2e99-4955-8ecb-5997fe027948,0,NON_PNEUMONIA
48f6aadb-b69f-45c4-b9e1-186105e770f9,0,NON_PNEUMONIA
1555f6ac-0266-4120-b948-697809f139a1,1,PNEUMONIA
bcee03c8-2ff9-4b01-a6d6-a4ee99565d81,1,PNEUMONIA
a1a9bf98-fc6f-4678-a621-12abfb777542,0,NON_PNEUMONIA
610d9b12-14a0-4beb-894a-ce9abc88e294,0,NON_PNEUMONIA
fc84e604-e8b3-4bfc-87ae-a1ef4ee4a5aa,0,NON_PNEUMONIA
5acc56a4-1b6e-4394-9364-9772047d583f,1,PNEUMONIA
c9259563-9f5b-425d-88bd-35affb2ef142,0,NON_PNEUMONIA
08ab87a3-886f-4b5a-9818-889337c63d0b,1,PNEUMONIA
67bc7433-4582-493a-af6b-82d0383d9c32,1,PNEUMONIA
08af877f-f833-4d4f-b64c-24e014d63311,1,PNEUMONIA
45a1e0ab-3eb3-4587-b679-2b2310635804,1,PNEUMONIA
e578f3f6-1eee-4a5b-8b5a-83b262c4e4ba,0,NON_PNEUMONIA
8d420869-5632-4a1d-9b75-c913472148bf,0,NON_PNEUMONIA
41ec1c4d-4c6d-41be-a305-bb43da76ac27,1,PNEUMONIA
5fecf69f-a89f-4ad9-89ef-a72e93bed642,0,NON_PNEUMONIA
e9bf3ff2-086e-4ece-a12c-2fc9376a54de,1,PNEUMONIA
7f6f91c5-70aa-4838-bb5e-0461f07ef1d7,1,PNEUMONIA
b435cc3a-cc81-4361-ac91-235b4150265e,1,PNEUMONIA
c36d4722-8751-4593-b04e-36b5c86055db,0,NON_PNEUMONIA
be5d92d6-f2b3-483c-842c-aff4571ee8a7,1,PNEUMONIA
ced1dbee-e163-472a-bc1d-96f9716d81bf,0,NON_PNEUMONIA
b9201f87-a5ef-49f1-b45f-4c54272bc5d6,1,PNEUMONIA
c8f8c1af-28f3-420d-85d6-9501a8002097,1,PNEUMONIA
eb0e6171-b47d-4996-9f53-3deb449ed835,0,NON_PNEUMONIA
0a15acdd-248c-47ff-abfc-d33f8a0cf417,1,PNEUMONIA
f105d893-7962-4758-8c80-f210e2de8653,0,NON_PNEUMONIA
416142c6-f196-433a-b6d7-7752a8d2d8da,0,NON_PNEUMONIA
fefdd549-9fbd-4e90-a7e4-4a0d2d4466d6,0,NON_PNEUMONIA
40dbceff-201d-4889-9aa1-2064246fb6b8,1,PNEUMONIA
c224f825-24b8-47aa-abdd-f03c0475a7c3,1,PNEUMONIA
3632aa2e-04b5-499d-8a27-1af18699e5fa,1,PNEUMONIA
7f5c524d-2d8f-4314-826d-10890906455a,0,NON_PNEUMONIA
a9cfed74-19bf-454f-b3a2-32c455a97cc8,1,PNEUMONIA
d4d10646-e095-4cde-9f9a-b0d4b4cf6d5c,1,PNEUMONIA
eb9ee346-11b0-4ae1-8b69-99d54acdaeaf,1,PNEUMONIA
03a9b990-18bb-4370-ac03-7fa385ea72bf,0,NON_PNEUMONIA
f0a33467-3a0b-4559-8305-578c74c51cf7,0,NON_PNEUMONIA
3397ca1b-01c0-45c5-8a12-758df4dff9dc,0,NON_PNEUMONIA
83202eb5-7996-4d24-ad8b-6680d9e98bd2,0,NON_PNEUMONIA
d78166b3-fbdf-4d19-bc24-d805269418f8,1,PNEUMONIA
6aefeac2-d497-47c9-939d-5558d039ae1a,1,PNEUMONIA
3b57df96-2208-4717-9d32-0d54ebbee4fa,1,PNEUMONIA
fc246d66-ec6a-4aec-9477-c0366d1c1b09,0,NON_PNEUMONIA
58aaec2f-31f1-42f3-964f-815347480fb6,1,PNEUMONIA
c1f94928-371a-42d0-91ae-f959928694fe,1,PNEUMONIA
a0c22f32-1156-4c62-894a-19ce51aee219,1,PNEUMONIA
8f755ed6-51c4-4af7-8130-10a3c76a1ab8,0,NON_PNEUMONIA
c3f28479-f4d5-4735-af3a-3f275c026efb,1,PNEUMONIA
19370915-6723-41fe-be09-29defbd9b7c1,1,PNEUMONIA
be9624bc-824f-4951-9f81-087d6528eeec,1,PNEUMONIA
d8e9ec9c-eac0-49b6-a983-af4970fd01c5,0,NON_PNEUMONIA
7013a598-e32c-45c8-ae47-e75dfeffd918,0,NON_PNEUMONIA
783cc3b7-1d84-45f8-b42d-96ceb9fc7e43,1,PNEUMONIA
fc8878b8-aa5b-4ae1-9a32-de3abda9256e,0,NON_PNEUMONIA
4ed3a113-8f50-4871-8489-1e1a17a243ab,0,NON_PNEUMONIA
42cb26eb-155c-49a8-90db-52f0548fc691,0,NON_PNEUMONIA
c80376a0-e71c-4519-844d-0d12e83b25ae,0,NON_PNEUMONIA
a25b612b-59c5-4401-a60e-bf3720be8d25,0,NON_PNEUMONIA
bc788ea7-ec39-49bc-93e8-a9772a778b75,0,NON_PNEUMONIA
a4ecd6e9-2d49-40ef-9d1b-3e9a0c20a14b,0,NON_PNEUMONIA
081a54bb-0144-4c22-9909-e3e45b15ff4c,1,PNEUMONIA
dbc8473e-fc37-4b23-9051-c1a0a1baf5a3,1,PNEUMONIA
3c0f1edd-10c2-46da-a01c-a151aa88f2df,1,PNEUMONIA
c7ccf0d3-c18a-4b89-acdd-9a106d6d882f,1,PNEUMONIA
4a4018ed-05a5-4d91-82d6-b50c9cf71da9,0,NON_PNEUMONIA
17802f46-96cb-4658-ae3d-16be89ac69f5,1,PNEUMONIA
78228039-bc86-44ce-8a13-57cf49ccf493,1,PNEUMONIA
3fa13d7f-8b18-443d-8dfe-2b098bfec24a,1,PNEUMONIA
6dc8b0d2-34f9-4570-a0c3-bb9b4715498a,1,PNEUMONIA
e923de59-4d66-4f84-8eee-8b5b793522ee,0,NON_PNEUMONIA
c4a3c834-8713-4813-9ca2-c8484c42415a,0,NON_PNEUMONIA
89af4d95-4a0d-4fb3-a4e1-75d470fd3cbd,0,NON_PNEUMONIA
5e528963-b34e-4605-be13-8faaa2b0c65b,1,PNEUMONIA
9115e87c-7fc1-4d6b-9cdf-436ea13c8c33,1,PNEUMONIA
90851418-d975-4858-9396-2a03b31ab76c,0,NON_PNEUMONIA
b5017804-ddc0-44fa-8d64-15628c25e031,1,PNEUMONIA
eb62badd-0421-432b-a6da-b5d6d5535be8,0,NON_PNEUMONIA
dcb6a72b-1d92-4cdb-aabc-86b408d50d4e,1,PNEUMONIA
ff9f1f48-402c-4a72-9ceb-d97c416726d6,0,NON_PNEUMONIA
70d2cfb4-2b97-469d-bb21-9b344c414dd4,0,NON_PNEUMONIA
0c5dc7d1-7022-4e46-bc02-ff9999912edd,1,PNEUMONIA
82edc80d-0b41-45e4-8460-e46f64c67dbf,1,PNEUMONIA
be7b198b-1417-4536-ac79-13dfa0529287,0,NON_PNEUMONIA
955aa11f-22a7-43fc-a47e-5bd10ceb2377,0,NON_PNEUMONIA
43474085-8dcd-4d13-9aa7-949f08e5e73f,0,NON_PNEUMONIA
6a250116-64e3-4f3a-8432-850e06a33c9d,0,NON_PNEUMONIA
1707921a-8b1d-419e-b5de-6e069bc9e4eb,1,PNEUMONIA
aa19d527-3efa-4e82-bc1c-74c450386423,1,PNEUMONIA
073102b7-565c-460a-9b69-13e2f34c4ee9,1,PNEUMONIA
baf8fe18-a7ca-4e9c-b3dc-5c80d474545b,1,PNEUMONIA
759a11de-da95-4cb8-a373-ab848ae74171,1,PNEUMONIA
c7c66f99-3440-42a6-9d7e-3f66b1f6481a,1,PNEUMONIA
b020667e-66c9-42f9-af4e-83fa346b60a2,0,NON_PNEUMONIA
af7a0cc2-9ec0-4f3f-835f-3321b191925b,0,NON_PNEUMONIA
fb10f71b-fd9d-43cc-a310-c5b48b7d22c8,1,PNEUMONIA
a3d92122-8745-4b88-930e-922b0b602f8d,0,NON_PNEUMONIA
bd7e6f9f-2933-496e-b180-4799292c6afc,1,PNEUMONIA
8a19e3ab-3b83-40d2-8ba3-40906f01c5a4,1,PNEUMONIA
e5614d99-2fb8-45f8-86ee-ff1f6f0db802,0,NON_PNEUMONIA
49b95513-daab-49bb-bc6e-c5254ab1bc07,1,PNEUMONIA
936f2425-bc13-49ce-a4a1-979fd314ab48,1,PNEUMONIA
b6d61fae-fa1f-4328-b065-033ee168cd98,1,PNEUMONIA
4c30e2c4-f7f6-451d-8ce9-d065ff7c4b36,1,PNEUMONIA
f3088d94-d727-4381-ab83-1b2bc54c2505,1,PNEUMONIA
7332ae2f-48af-425e-971c-81092e98187d,1,PNEUMONIA
6365ff26-72cf-4428-8610-66aab9c787c9,1,PNEUMONIA
a10bf127-bf41-4e8d-969c-63963bd98935,1,PNEUMONIA
ce774f35-6a80-446f-909d-040a84419b18,0,NON_PNEUMONIA
2456fcb4-82bd-4fa9-8ef2-8e1250c3ff50,1,PNEUMONIA
b2bf46fd-5c27-40ef-9f97-a56b9012d31b,1,PNEUMONIA
a7cc220e-bef4-4d27-a921-7773ebef1282,1,PNEUMONIA
e15ecf55-b05a-4f6f-bb25-d51d4a438963,1,PNEUMONIA
ac8fa30d-caed-4d4b-acb0-173c9128672a,0,NON_PNEUMONIA
1f45c8c0-4475-45e9-85e5-0cf139d0572b,1,PNEUMONIA
406aa509-7936-40d8-a5ee-1fe828f89320,1,PNEUMONIA
6bf4ea67-9a7d-4839-beac-b3541ad31826,0,NON_PNEUMONIA
e6dc5d04-2f76-425f-99d7-cae3aa095122,1,PNEUMONIA
50ae1abb-8b74-47e5-9dda-51c2f6840475,0,NON_PNEUMONIA
01f3abc2-33c7-4ea2-a599-dc49b76fcfae,1,PNEUMONIA
5bfdc9ee-e21d-46e5-bbfc-20cea10c3175,1,PNEUMONIA
ad4d16e5-a851-4327-b9fe-5977da445669,1,PNEUMONIA
a86e4390-6bce-4658-a4b7-68bc57455f59,0,NON_PNEUMONIA
b5046b7c-f721-4c19-b3ae-51f095f36fe6,1,PNEUMONIA
963b58ae-2175-4aa5-90be-c37d44809c91,1,PNEUMONIA
6ff5278b-71a0-4856-9f84-33f33bb8c471,0,NON_PNEUMONIA
9c2875c7-fa39-4af6-a82d-b545dc59874d,0,NON_PNEUMONIA
1a062886-29be-4120-92f3-5c1c8a951959,1,PNEUMONIA
261341d3-1df2-4cf4-b9a8-b1e02a124900,1,PNEUMONIA
65cc7b42-4bac-41b7-ac07-cc35319cc2e5,0,NON_PNEUMONIA
a595fe39-ce96-43dd-ac73-89d49124b966,1,PNEUMONIA
b29dcdc8-57c8-443a-a69c-615fa7dc9973,1,PNEUMONIA
fb4e8f36-76ed-4354-9b37-545743fb3ca6,0,NON_PNEUMONIA
f8e0ed85-399a-4c57-afc5-a111923d2662,0,NON_PNEUMONIA
6ccf77da-c917-4fc1-8bf7-f0e7bfd3acf4,1,PNEUMONIA
a7afd170-9f98-46c0-8efa-1d1f24dde75a,0,NON_PNEUMONIA
75549b2e-abb7-4a62-9af2-76ae403818b2,0,NON_PNEUMONIA
0ff5bf5b-6af7-4537-90d0-1c47058d0627,1,PNEUMONIA
e6295ee0-bb33-49e3-9376-8b78f5a3fc52,1,PNEUMONIA
7d5ef53d-94ea-4d7a-8914-0f36c2d1a2c5,0,NON_PNEUMONIA
fdfce1ff-203e-4b23-a360-3803558a7f7a,1,PNEUMONIA
71d57bca-9142-4f4d-b35d-7c6d1da6ed6c,0,NON_PNEUMONIA
0c89ca38-27ca-4cd0-88cb-18093fdcb04b,1,PNEUMONIA
690bbb39-1b67-4af0-94eb-7d1209e1ecef,1,PNEUMONIA
a223ebef-86b2-49e2-b3e1-bfc1bf957b6a,1,PNEUMONIA
d38730f7-abb9-4d98-8811-324d18672ef7,0,NON_PNEUMONIA
44931a76-76ce-4e74-98a6-5db04dc4d8b4,0,NON_PNEUMONIA
bfbea630-4c43-485f-b1b2-0e5715109ae3,1,PNEUMONIA
9f586862-a0d0-4980-ac2e-7a82c9d4c30b,1,PNEUMONIA
45be6d94-a6e9-4c26-9738-d389764166de,0,NON_PNEUMONIA
55c25b52-0043-4763-b889-3f5f44f01728,0,NON_PNEUMONIA
64d55c5b-88e3-4b28-8e1d-f30612f80dd0,0,NON_PNEUMONIA
dff79a56-a9d5-4fa4-8a45-ccd2d0e4c2f6,0,NON_PNEUMONIA
535c2337-e755-43ea-ab1d-6547a584776d,0,NON_PNEUMONIA
35a379c4-1e56-41f7-8a25-a1c2e9b88464,1,PNEUMONIA
42765f9e-beea-4f46-8af4-f1282095662d,1,PNEUMONIA
e622bc6d-c39f-4c51-b51d-9acee5da80aa,0,NON_PNEUMONIA
ac9634af-f703-4552-bb5b-afc4718d3fca,0,NON_PNEUMONIA
6e9ba3d1-a0ff-4847-a865-5c649f319aa2,0,NON_PNEUMONIA
ef5d1d0f-a40c-4b85-b2c7-c08a33ac7347,0,NON_PNEUMONIA
8401176b-2a3f-4497-b3ae-f761e7d626ff,1,PNEUMONIA
83548cae-0c49-424c-ae08-5cec7900644b,0,NON_PNEUMONIA
69f67e49-d9f3-4763-b2cb-db657f1d0a58,0,NON_PNEUMONIA
17c89271-2986-4e49-be3c-b925e0925515,0,NON_PNEUMONIA
bf494059-4fe2-4f8f-a503-c340105e56ce,0,NON_PNEUMONIA
f37885af-d611-402f-a662-7e9d6deb5bbb,0,NON_PNEUMONIA
433c5421-aff0-4b35-b520-1540c9efafe0,1,PNEUMONIA
e2bc24a7-e469-48e2-9d5a-6ffc8557d59e,1,PNEUMONIA
aa4a3a96-38d8-4b4a-82ba-670d17a6bb4c,0,NON_PNEUMONIA
ed5ddfad-977d-4b5c-9584-ba676b156f2e,1,PNEUMONIA
d7b49f1d-1642-4c0a-bbe0-0fa81a8e520a,0,NON_PNEUMONIA
1cabab6f-b2b8-4780-b6bf-525f2ad15096,1,PNEUMONIA
c10053b8-7bc8-4d8f-99f0-92d86a97ee2e,1,PNEUMONIA
c60a0502-26cb-40a1-8343-43625a3c4e3f,1,PNEUMONIA
3d384875-3304-44de-8b8b-40a131a722ce,1,PNEUMONIA
dd7017f1-8ff4-4854-9471-9e885a1b7627,0,NON_PNEUMONIA
6fd45bf7-e07a-445e-b853-f871d9281630,1,PNEUMONIA
f3b1a1b8-b6d9-4ac7-85ea-41765f99eaf8,1,PNEUMONIA
012a5620-d082-4bb8-9b3b-e72d8938000c,1,PNEUMONIA
3a0c80db-3411-4547-8822-01f6e746bc51,1,PNEUMONIA
15884ec8-c8d3-471b-a234-059591200be1,1,PNEUMONIA
e09d1d80-ae35-426e-870f-56421e61c48c,1,PNEUMONIA
72848196-fd24-4106-9c33-9c29b7a66a04,1,PNEUMONIA
8eb51db4-ac8d-4a83-b071-53fce028dd27,1,PNEUMONIA
3d294e57-04ee-4a84-acf5-4974a1be2c5d,1,PNEUMONIA
e5f5d529-7f51-40a6-9301-0b6ed0cfa941,0,NON_PNEUMONIA
47d56dc3-c4b0-4bd0-bab7-d39549cc46a0,0,NON_PNEUMONIA
39ce47c6-a221-4399-8ac3-21b0b4a323f6,1,PNEUMONIA
54320538-7d1e-4784-840b-1c696eda2407,0,NON_PNEUMONIA
af6db553-da0a-43bd-b48f-5883dbf412e8,0,NON_PNEUMONIA
5607261f-5c02-4b04-932f-a0efe4235c5d,0,NON_PNEUMONIA
83fdefc4-082e-409d-80dd-7b043aed85ad,0,NON_PNEUMONIA
6560b160-0f16-45ec-bac1-d753db15fc5a,0,NON_PNEUMONIA
b26a717e-608d-41f1-ac9a-33450bf2d7e5,0,NON_PNEUMONIA
fc0912c2-0cfc-420e-8c77-0fae34451d7e,1,PNEUMONIA
feaf9f54-74da-400e-85aa-35db240cf11c,0,NON_PNEUMONIA
a7fad7f7-9d4f-4595-9097-7e7b28195679,0,NON_PNEUMONIA
3a4afbe2-c1e5-456c-b594-b5bc17b4afe2,0,NON_PNEUMONIA
e175a6dd-570a-4b57-abd9-64789f7d6ec1,0,NON_PNEUMONIA
3c2270fa-2323-48c2-a341-1ea0d84d7cee,1,PNEUMONIA
17477206-a644-49de-83a8-b32d5ba9ba5b,1,PNEUMONIA
824d9f73-9c41-47be-984b-29b40f5a8b86,1,PNEUMONIA
d1cf6d7d-0e8f-4c94-8ce7-739388aed78a,0,NON_PNEUMONIA
86f34519-a36e-462e-a8f3-842b992dc46b,0,NON_PNEUMONIA
200613d9-e461-4836-ae40-b349087e01a2,0,NON_PNEUMONIA
4e00fa41-f9dc-4826-ae11-3c2c0d056ff1,1,PNEUMONIA
7c545810-e2b5-4849-a2ff-893075f28192,1,PNEUMONIA
4206173d-0db2-4f32-80fb-0bd99d5532e1,1,PNEUMONIA
b7b51f82-2aa9-4375-a84f-25c52eeb0b40,1,PNEUMONIA
4743faf1-c26f-4b94-a796-c724ff2cdd17,0,NON_PNEUMONIA
d90addc3-4722-4df8-9dce-e6cd4fe804f6,0,NON_PNEUMONIA
d9e15ec8-682f-43ed-b652-ce3d9e827716,1,PNEUMONIA
b829950f-6e68-4f84-9d7c-65a0aa3d0cab,1,PNEUMONIA
dd033b96-06ce-4587-b781-e0e2dd4026ac,1,PNEUMONIA
d373b335-d9d9-4594-b97e-03ec9aa8daa2,1,PNEUMONIA
f4a8c643-9800-42d9-bcd7-9a4917c3fa4f,0,NON_PNEUMONIA
366b30d6-2c8b-4985-978b-b8cde00f4377,1,PNEUMONIA
7aaba35a-c23c-4cac-918e-5b94bec6b827,1,PNEUMONIA
39919c47-0f93-417f-96fb-1aa8a6d6e7ab,1,PNEUMONIA
d125836c-de5f-411b-a76d-4d2ec44ad9e5,0,NON_PNEUMONIA
32e8b837-8656-47e1-87ec-b365c7670984,1,PNEUMONIA
341a6e43-a2cc-4b6b-8aa0-7766b661377b,1,PNEUMONIA
c5a4da7c-b21a-4249-a7e7-f96e21a7e57e,0,NON_PNEUMONIA
999b36d9-7786-4b19-8b76-c92d9ccd8b6e,0,NON_PNEUMONIA
0fa93f8a-c813-4ff1-b44d-57cbe7f54d9a,0,NON_PNEUMONIA
1e334125-d0bf-4229-bf47-c7739ec3bf5b,0,NON_PNEUMONIA
487176d7-917f-434e-a81e-a91e1ef83e92,0,NON_PNEUMONIA
78c9057c-9d17-4124-9e6a-a634ab85275e,0,NON_PNEUMONIA
9e6239f2-9352-4bad-a19a-22538ddd0e27,1,PNEUMONIA
427412d0-cf4c-4a13-b58e-6ffdd004c6ec,1,PNEUMONIA
b7667cf1-104d-4413-93bc-49b1e9613e4b,1,PNEUMONIA
a4c3baae-0f3e-45a0-9a78-51bae5f7bd85,0,NON_PNEUMONIA
228b3dc1-f78a-4ac9-b213-2a416583d063,1,PNEUMONIA
780579a3-2dcc-4343-9c92-de8be54e2865,1,PNEUMONIA
4672156e-25e5-4bf4-8891-9e0e4a742c49,1,PNEUMONIA
35dd41bb-baee-48e7-a450-95532043dc36,1,PNEUMONIA
41e4abf6-897e-464d-9cec-ed3c51d8809e,1,PNEUMONIA
eb556a63-312f-4728-8f69-c473734dbaa8,0,NON_PNEUMONIA
6bafbb20-14b7-498f-82fe-dd7b603cbf51,0,NON_PNEUMONIA
e3fab001-eee9-4edc-b6be-9a60c912e2e5,0,NON_PNEUMONIA
2fba3da2-e622-477e-a8fe-8fcc06550b25,1,PNEUMONIA
11e431ff-c6b8-45f1-9635-a055fbc90111,1,PNEUMONIA
b3db4730-7c2d-4b91-b09b-2346fef7dc58,1,PNEUMONIA
a5193f5a-e9f4-4e32-a520-5b06d13f1d2a,1,PNEUMONIA
88d25c7b-029a-484e-b860-284e164422cf,1,PNEUMONIA
31eb47ce-891a-44f3-9031-96d8952b487c,0,NON_PNEUMONIA
9b20a679-e9aa-4264-83b8-90331923b63d,0,NON_PNEUMONIA
90849bf6-c078-47c5-a407-1e3fe1d006e5,0,NON_PNEUMONIA
b539db75-809d-4c0c-8b9f-b0e934ed740e,1,PNEUMONIA
855d0926-1ae6-403e-a08d-85bd8bae4941,1,PNEUMONIA
86b71e6a-ccf0-4ff8-bbeb-221a49e57f6d,0,NON_PNEUMONIA
e31300d4-90b0-4fa3-8902-30c225b9279a,0,NON_PNEUMONIA
402de17f-6c1c-4b1c-9ae8-d255ad23713d,0,NON_PNEUMONIA
a8deed82-3273-4c1c-9e72-13bdcee00803,0,NON_PNEUMONIA
bdb97b05-a8f7-4cdc-852f-f5398582eeb8,1,PNEUMONIA
54a2c7b2-89dc-4f5a-b148-41be979cf90b,0,NON_PNEUMONIA
083e7d20-cee0-482e-acb5-029868b78fb8,0,NON_PNEUMONIA
10866808-61ec-41fa-aefd-89eedfbaec04,1,PNEUMONIA
2d8aa8bb-f2f3-4da0-93f6-5e92d02481ed,0,NON_PNEUMONIA
3ead6e4c-1d18-4eed-98b9-a1ea9412751b,1,PNEUMONIA
077ff78d-27ef-49d4-9e8e-00e458844a3e,1,PNEUMONIA
582e641d-ac17-43b5-89a0-453555dd152e,1,PNEUMONIA
54d407f3-084b-42ff-a00e-74a5d61b3c06,0,NON_PNEUMONIA
f5257a21-9efd-491f-94da-5cbce76d8f95,1,PNEUMONIA
86459db9-dc9d-42f5-818d-9525684d5406,1,PNEUMONIA
ca9f417c-50bc-4ac6-9f73-eaced9d0bf4f,0,NON_PNEUMONIA
dc995045-8ec6-4cef-ba20-350c66732a9b,1,PNEUMONIA
f3b1b61e-693d-4fee-b67b-fa4f09554391,1,PNEUMONIA
c1f6b555-2eb1-4231-98f6-50a963976431,0,NON_PNEUMONIA
fca2546c-2d5b-47b5-b16f-7933453e08cb,0,NON_PNEUMONIA
1f447431-e2b3-4d18-8c22-30684ab71ffb,1,PNEUMONIA
8dc8e54b-5b05-4dac-80b9-fa48878621e2,1,PNEUMONIA
d70d24d7-9fdf-4437-aa7a-b07b34de0497,0,NON_PNEUMONIA
659b4b06-6273-4efb-85fb-93e014d1ca2f,0,NON_PNEUMONIA
e3bfcacf-6bb6-4af1-b49f-0a3b0cda6f96,1,PNEUMONIA
79718093-ce30-44c5-8be5-e5f55729c5d8,0,NON_PNEUMONIA
0d77cf1a-64d4-4f8a-938b-9b838d549090,1,PNEUMONIA
47967829-ae4e-49db-bdc8-07112fe86862,0,NON_PNEUMONIA
32c3e235-1885-4aad-b4ad-2ef8583fbb78,1,PNEUMONIA
21f2cb9b-e9c8-4056-9e0a-375351806b25,0,NON_PNEUMONIA
0c122fd9-6dc8-4224-baae-812ed5c4bd12,1,PNEUMONIA
8873a039-5a87-45b0-9078-087cae4ca4a9,0,NON_PNEUMONIA
1851dff6-31ec-4453-9ddc-95c0aedace5b,1,PNEUMONIA
48ea9943-604a-4f7f-bf84-22ef754c5e2b,1,PNEUMONIA
b97b78b8-bcb0-4694-aa55-d3ca9c4396df,1,PNEUMONIA
decd3c00-9a9c-4ff3-8302-ae8a2a7c9370,0,NON_PNEUMONIA
a4cba60f-6006-4a32-8ce7-488fa06bec4c,1,PNEUMONIA
6d2371e4-f8cd-4f6f-bf9e-1e8773b3960a,1,PNEUMONIA
72dc0bc2-8c6a-4214-b06f-862e9e8444bd,1,PNEUMONIA
33f0fb8e-35b4-4680-8f22-990a36899bfa,1,PNEUMONIA
abc5356a-b8b2-4a0b-9dab-14c54efb4f29,1,PNEUMONIA
3f25e62e-b79f-4cdd-8607-adc010808d4c,1,PNEUMONIA
99fea771-32df-4faa-a102-70ef7c659898,0,NON_PNEUMONIA
a741b52c-2fe3-434e-bdf3-b012ee8aab48,0,NON_PNEUMONIA
94a6538f-68d4-4edd-ba10-fa157fd9a21f,0,NON_PNEUMONIA
953ef792-b739-4a19-be39-6937f6828cf8,0,NON_PNEUMONIA
9708b405-8887-4824-b354-f7c245eedfc3,1,PNEUMONIA
a81ed846-615a-4432-8e34-67b1169ebea5,1,PNEUMONIA
7b3e4cf6-f37e-4e95-a6c8-3901352dbd15,1,PNEUMONIA
42857e2e-ab00-457d-961b-cdbceb8a988b,0,NON_PNEUMONIA
e5e4f0cf-58ec-4442-a54c-96d5d29d8f0b,1,PNEUMONIA
9f3c08be-0b3a-413d-aade-4bc74cee30b7,0,NON_PNEUMONIA
630cf344-4568-4d86-ad50-524f79aa97f3,0,NON_PNEUMONIA
664cb381-ccdf-4c19-8a86-a664d402221c,1,PNEUMONIA
c23ecec2-d791-42fa-8abf-cb4c447f9c21,1,PNEUMONIA
d99282ee-dc00-40d4-bb8d-5f8dba263a05,1,PNEUMONIA
cfb88e62-c5d6-415c-87d1-7be3238de1d5,1,PNEUMONIA
3185ee2b-a09e-40fd-8f57-4d2802c0248d,1,PNEUMONIA
5e5069e4-1f37-4fef-93d1-9b0162183277,0,NON_PNEUMONIA
097aa88c-3228-4b27-8d30-2071fdb6a37d,0,NON_PNEUMONIA
88acebca-2dd3-40e3-b1a6-967a68799b85,0,NON_PNEUMONIA
b67345a4-9c06-46c0-b0a0-303cee1cc19c,1,PNEUMONIA
d26d8a6d-63e2-4c0b-9dd6-178d624829c7,1,PNEUMONIA
c9e7c879-e9ca-4c62-81ed-a1382aebc1eb,0,NON_PNEUMONIA
b81ba5b1-ad7c-4217-9467-0f1fbc0a9fd4,1,PNEUMONIA
3e62e51c-befb-4a66-b28e-fc469b19e4a8,1,PNEUMONIA
84c3c816-eb8b-4a44-ae5f-e589011ae9fc,0,NON_PNEUMONIA
755c7169-e84a-4327-a4d6-b0ff906a88f8,1,PNEUMONIA
d759f178-2451-47bc-80c0-2efe67588693,1,PNEUMONIA
8dc8fc3b-60b6-4c44-b658-94e27dbd67a2,0,NON_PNEUMONIA
f1ba6a94-27b8-4537-8a11-6c4dbc3fe428,1,PNEUMONIA
31694f91-f16d-4d5c-9dac-b5c7dd5c767d,1,PNEUMONIA
50d8b462-8e52-4b60-abde-10fd98b51cf8,0,NON_PNEUMONIA
2278d9f3-e7bf-4e36-a194-aaf5bdb20762,1,PNEUMONIA
79310bce-abe6-4e7d-a285-2601cfeeca5e,1,PNEUMONIA
03f8bb03-eb04-4365-ac4d-d63d2b5d49cc,1,PNEUMONIA
3dae24d1-bf9f-468b-9cfd-4fb768b8eb53,0,NON_PNEUMONIA
38ca6aad-7cff-4616-8d1a-0ef485eb0eb0,1,PNEUMONIA
175c8be2-76a4-469b-9595-ed33ecedb3cb,1,PNEUMONIA
b22ef5d7-f64f-4ee8-9935-01af80a2a339,0,NON_PNEUMONIA
db25155a-2b3f-42f1-a299-d364ee9841dd,0,NON_PNEUMONIA
371634ac-fc6c-42d3-9860-e284539921d2,0,NON_PNEUMONIA
64c717c5-62f8-4434-b967-350679a2d4b9,1,PNEUMONIA
4e89a60e-6263-4dbd-a4af-00f5923cd0e1,0,NON_PNEUMONIA
229ccf92-77f4-4e97-8e1a-976128ae9f5a,0,NON_PNEUMONIA
cf951660-886d-482d-99bf-2bdaedd5f4fd,1,PNEUMONIA
baf86877-7802-4dff-8870-cf2f38bc082a,1,PNEUMONIA
366c5768-5fba-4ba1-8532-082d3ba3c9bf,1,PNEUMONIA
8956eb86-cc5e-4ad3-a399-b8c3844356f4,0,NON_PNEUMONIA
f45c7f95-8c7f-4660-8c23-c4da2e293f0d,0,NON_PNEUMONIA
a0c9e4d1-2520-4cc2-a95d-913853b20206,0,NON_PNEUMONIA
425f3402-d4c7-451e-a68d-db11e70e2183,0,NON_PNEUMONIA
6f0d2ff9-c0dc-48c3-a944-1f18dc185e1f,1,PNEUMONIA
9a9cec58-b096-4661-8a89-f536aa33adcd,1,PNEUMONIA
4e5f97d6-aa4b-4d13-a62c-3b934a380f04,0,NON_PNEUMONIA
8ee256be-e94d-4554-8929-a352bc0fba56,0,NON_PNEUMONIA
66f64de8-cacd-47b9-a47f-37b5a612bdd5,0,NON_PNEUMONIA
c34a3ea0-04d7-4df6-afab-0d7c7280b749,1,PNEUMONIA
f7856767-112d-4ff6-8b20-1188c0c47a1a,1,PNEUMONIA
aa49ed8f-c583-41e7-9fed-d5f930e19366,1,PNEUMONIA
79e66b5d-e740-4fea-b9be-8cb2c75fd375,1,PNEUMONIA
2721b917-061a-489b-8580-db98f0e80d60,0,NON_PNEUMONIA
c3122540-51cf-4fb2-9731-bf6eaf14f4c3,0,NON_PNEUMONIA
59a7bb86-70cd-4b0f-9f17-330e2a76f4aa,1,PNEUMONIA
8917b2df-a22a-4da0-935c-397926ad5a1a,1,PNEUMONIA
84723d0d-ae4e-4c84-b84e-e3e16aefea88,0,NON_PNEUMONIA
10663fbe-86aa-4bf4-afdc-c234605457f4,0,NON_PNEUMONIA
43605721-d0e0-4d58-b212-b05a295b21be,1,PNEUMONIA
89167da1-8247-4305-a734-2ca77f25fc82,1,PNEUMONIA
eaeb935a-7294-4dd3-8bf5-73ba781d28af,0,NON_PNEUMONIA
0727efd2-c063-4409-b326-9532f6531a97,0,NON_PNEUMONIA
52d1f158-6cde-4676-94bf-bc5f8bab0cc6,0,NON_PNEUMONIA
97734238-24dc-4e8d-9cbd-2f3bbc5bebab,0,NON_PNEUMONIA
ec137583-2aa9-4afc-84ec-a1c8bc5f76a1,0,NON_PNEUMONIA
39276e28-456a-46f8-b74d-42601c7ec17e,0,NON_PNEUMONIA
997b0ed4-33d5-4f64-8884-9950391e981a,0,NON_PNEUMONIA
9b6f8882-b59f-4a4d-8f48-b3f355fd70b9,1,PNEUMONIA
4fc735e3-8620-4da8-b30a-d59caf6b099f,0,NON_PNEUMONIA
3bf6bb05-9ec6-4c32-a8c4-fdd7704c188c,1,PNEUMONIA
44bdfd06-2293-4d2a-997e-81153a2808db,0,NON_PNEUMONIA
b489923b-d8be-4e8d-8620-bea0343a2f67,1,PNEUMONIA
bf7b0977-4f77-45a7-8c03-77602f82b905,1,PNEUMONIA
902f777f-49d7-4e43-975a-ababb7a8c872,0,NON_PNEUMONIA
095edab1-09c6-4f83-931e-f0a33b77639c,1,PNEUMONIA
0c31b40d-d72a-4de1-a869-0df86d358b09,0,NON_PNEUMONIA
c164b17b-aff8-484f-9d9e-dde2932d8df9,0,NON_PNEUMONIA
22da0004-e69d-49c5-bde5-252ab5895da0,0,NON_PNEUMONIA
e34146d8-441f-41fb-88c3-17e747badabe,0,NON_PNEUMONIA
2cafbcf4-4191-44a1-b81e-b3b6c75ecc7d,1,PNEUMONIA
fc9c1884-617f-4a89-be08-0af7d6fc2cca,1,PNEUMONIA
f4c5713a-67b9-4163-9b2c-ea6337384f17,0,NON_PNEUMONIA
610bb23b-30af-4868-8d53-f90cda513fc6,0,NON_PNEUMONIA
936e16c0-f39a-4970-903f-6af6722c26b4,1,PNEUMONIA
b900d3e4-787b-44b3-9754-88f93db99c27,1,PNEUMONIA
4a258020-a61c-49b7-9045-b271786ed1ce,0,NON_PNEUMONIA
3b637053-8dd4-4651-8170-080d1a1a4e3a,1,PNEUMONIA
43994237-06cd-4bd0-b1d6-5127e3bf0170,0,NON_PNEUMONIA
35bdb4ca-55d0-4d4c-b2e6-ea721f24d985,1,PNEUMONIA
a99561a5-2c12-48cd-be57-ce6b6cf58da1,1,PNEUMONIA
2c376b9a-167a-43d3-bcc2-b4af32fb9f74,1,PNEUMONIA
09e8fae9-1714-4b54-a1d3-42a29a9717c3,0,NON_PNEUMONIA
35e2f247-6930-4b7d-bc43-baaa622cce2c,1,PNEUMONIA
729c9ee1-d716-4b76-b5e7-690d6e914ea8,1,PNEUMONIA
664e584a-f471-4ecd-abc1-c350e32e923e,0,NON_PNEUMONIA
28bb0cb8-6f05-4c48-a2bf-251a1297e380,0,NON_PNEUMONIA
8d8f6fdd-ea73-42b8-bbda-a9f0bb76bb9e,0,NON_PNEUMONIA
d2c420e2-b3e4-41b6-a407-6f94e2ec69cc,0,NON_PNEUMONIA
c3c1ef6e-055c-4f54-a7f5-d0f6eed1d2da,1,PNEUMONIA
6aae3572-8953-46be-a0fc-5f3e891dec7e,0,NON_PNEUMONIA
4e27cdee-df08-4341-9061-16ba3ef8a778,0,NON_PNEUMONIA
a2cad327-ecaa-4bff-9a4c-7316e784b873,0,NON_PNEUMONIA
3b3e8c48-b34a-4cab-b217-7bcddfd5cd1a,0,NON_PNEUMONIA
c4af240e-3322-40d7-9351-db82718ce4a1,0,NON_PNEUMONIA
f245e457-d791-4435-adf9-05a6c103cee2,0,NON_PNEUMONIA
7e1d04b9-ea65-4ecf-a18a-5e624fcb788e,0,NON_PNEUMONIA
3f350a20-291b-4a3c-8e7b-72b885f19ec9,1,PNEUMONIA
96c9dc7c-7962-47d7-b7c9-3488f5ebc45c,0,NON_PNEUMONIA
339907f7-5f76-40b4-8476-9c3460417d16,1,PNEUMONIA
71d63444-7863-449b-a3f6-d599b6d00e49,0,NON_PNEUMONIA
fa03359d-9704-44e0-9050-987ffecc5435,0,NON_PNEUMONIA
a4b4d3de-f186-4aa1-8866-6228cede4d7a,0,NON_PNEUMONIA
3817e718-4a42-4d67-a34a-ab1a4b9d52b3,1,PNEUMONIA
78c9b88e-a134-4470-b161-22e4a698206c,1,PNEUMONIA
ca5562f7-66a9-4ca7-ac19-1d8d738e3155,0,NON_PNEUMONIA
b7fe2048-abe7-4f69-b82a-ed93c354a8aa,1,PNEUMONIA
9a1fd0e4-262e-4856-85ba-88faf8b88726,1,PNEUMONIA
1eef9264-e6e3-41ba-b5fa-6a2ab638a7c9,1,PNEUMONIA
dfbf2061-27d4-452f-80a3-79af6cb529f2,0,NON_PNEUMONIA
85a307fc-6a0c-4dd7-9402-7950496bb911,0,NON_PNEUMONIA
b5d11411-962b-430c-91b8-5361d80ddaa1,0,NON_PNEUMONIA
e88a5ffb-0c53-4d5f-9a3e-a9be06b2a7c0,0,NON_PNEUMONIA
38b147a7-352b-4adb-88b5-2449d362acae,1,PNEUMONIA
38929efc-a8ad-42b5-9fff-8ba881a7873e,1,PNEUMONIA
ada5d3a7-098d-4691-ba53-e633cfd3b86f,1,PNEUMONIA
f1509076-069b-449d-b659-4ae16300db31,1,PNEUMONIA
6b7debe4-f52b-428f-8e6c-9df32423387f,0,NON_PNEUMONIA
ba14333d-9629-4a0f-9517-b5899fecbe89,1,PNEUMONIA
3ce7964d-2578-462f-9d81-e5415bd44fcb,0,NON_PNEUMONIA
a561b26f-fb7c-452c-b651-9588d51770ad,0,NON_PNEUMONIA
3ac3f8a3-21a8-4baa-a6f5-3ce889947dd7,0,NON_PNEUMONIA
96f34fa9-0e56-4fdb-bfd7-781d8c453bcb,1,PNEUMONIA
7ef283b8-9c5a-4ada-a575-f68289e338ae,0,NON_PNEUMONIA
3874e3f6-0c79-4fc1-a874-1d761e475e53,1,PNEUMONIA
68ceed79-9969-4054-9631-b1c84808d6e8,1,PNEUMONIA
a1ed538b-ed4c-40ed-8364-c9443b51ee73,0,NON_PNEUMONIA
e9ea9123-3eab-4d60-973d-bfca20b6e054,1,PNEUMONIA
b91c5ce3-ca11-4e93-9e0f-bf1becf36b74,1,PNEUMONIA
eeb6bd41-6626-4565-889e-0b73d115a6b4,0,NON_PNEUMONIA
fdd7ad70-be5f-4927-95ee-e6d4c05c9bdb,0,NON_PNEUMONIA
474072bf-6365-4812-9a75-0ba64458f841,0,NON_PNEUMONIA
44b6b737-f7a1-4fbb-a0c2-bd18ff82639c,0,NON_PNEUMONIA
440d3b62-7638-48ab-ab66-381833acb954,0,NON_PNEUMONIA
a16c339d-0eb4-4010-87a0-f422a08a00bb,1,PNEUMONIA
81dca618-553d-4299-a4a0-e64f764bf69f,0,NON_PNEUMONIA
f218fda3-c484-4836-867d-b7ad037bfe4e,1,PNEUMONIA
6fce7a48-4cdc-4bbb-a702-2b0af9ff3498,1,PNEUMONIA
5b684669-0ee0-44ff-851b-e2f6146c7e30,1,PNEUMONIA
77293530-8a74-449c-b423-85849cee8da2,0,NON_PNEUMONIA
8ab37a32-a78d-4cbc-832d-58702d9b372a,0,NON_PNEUMONIA
f3167256-c029-4656-9d51-a96fb895d498,0,NON_PNEUMONIA
4b5d56cf-bcd2-444f-a595-1971a60bab88,0,NON_PNEUMONIA
3e2a04cc-bf06-4313-8815-b8e8afd46ced,0,NON_PNEUMONIA
a3a15e9c-71d6-440e-9457-89e2aff93fe0,1,PNEUMONIA
1d1c3fb7-71d6-4104-8a93-320e4959bbdb,1,PNEUMONIA
361c09b7-beb1-4be9-bb4b-c6400c293a19,1,PNEUMONIA
f2f6d2de-0a65-46f8-8353-3e0304a98732,0,NON_PNEUMONIA
9f3eb249-c086-4cb1-a771-c226e93db399,0,NON_PNEUMONIA
1f70d7ed-d3aa-47d7-acc6-3bc978011e42,0,NON_PNEUMONIA
1a388cdd-671b-48a9-9a4c-ca64cc60ef81,0,NON_PNEUMONIA
9b215f1b-5061-457f-acad-471ca01f774c,1,PNEUMONIA
ff33da14-0bd6-4fe4-9675-ef704bc33b84,1,PNEUMONIA
19f688c5-33bc-4fa3-ae34-7cf1fbd06eb5,1,PNEUMONIA
7e2b8ceb-9db2-4159-9e63-96d734dd1218,1,PNEUMONIA
94399962-8f89-4dfa-a93f-7a3df88feca5,1,PNEUMONIA
93caa1a4-e457-4ac5-b1e3-c1b7cdfdac50,0,NON_PNEUMONIA
949b0ea6-7bb8-4c53-9c2b-5303b84ef8e2,0,NON_PNEUMONIA
ae06ef31-ae55-4e3c-9460-ae5c3733bedb,1,PNEUMONIA
edeb2201-6de9-4604-90ac-d028bf151084,0,NON_PNEUMONIA
6735932c-c8ca-45d5-be56-1ff682a3182e,1,PNEUMONIA
13e4a88e-245a-491b-9cd7-a8672c98175e,0,NON_PNEUMONIA
f7a42b73-f909-4e1f-89dd-c776f45cdc40,1,PNEUMONIA
ec55e4ab-ecdd-4265-a5fa-d84ee0af1e0d,1,PNEUMONIA
21dc80a4-e6b7-4cfc-9463-3fc2f660833f,1,PNEUMONIA
d20338e0-8ae9-4a30-9a0e-8225aae32073,1,PNEUMONIA
0927e819-9640-487d-a04e-f5d4732dbe0a,1,PNEUMONIA
bf9b012d-915c-4026-b989-c05312833b38,1,PNEUMONIA
3ca6661a-ffbd-4d4d-b49b-c96cfd218307,1,PNEUMONIA
f9bf7579-e589-4953-bd68-d92f44f0aa95,1,PNEUMONIA
3ff0bd8f-7257-4ba9-a4ae-ae0c9f9138d7,1,PNEUMONIA
f8f07e3d-87d4-4c60-a905-a9f7372f79cf,0,NON_PNEUMONIA
568e580f-c31b-4e58-9821-b6b822e3f8ec,0,NON_PNEUMONIA
5f74d71f-3b73-4748-b7df-cc6374890c57,0,NON_PNEUMONIA
65a8a0d1-7854-4c24-9b5b-7b6fa036c3b0,0,NON_PNEUMONIA
db73aa5b-f6b2-4f92-8c38-cf7ee7039415,0,NON_PNEUMONIA
b23184fc-0e6e-4802-a451-da82e2ac6e9a,1,PNEUMONIA
cfc9a7a6-01d7-4603-9d64-c314b09ad2b0,0,NON_PNEUMONIA
e9e58cf9-f301-4fe9-a5d5-ff12f7981612,1,PNEUMONIA
abe23a5c-46e0-4320-86d4-3655779e8559,0,NON_PNEUMONIA
c3ed68a1-efb5-429d-86f4-fcc234bd1fba,0,NON_PNEUMONIA
e816e0d2-f658-458e-9609-a745d8279bde,0,NON_PNEUMONIA
dfb0b0dd-27fc-46a8-8c43-f24d0beebf4f,0,NON_PNEUMONIA
a550099a-36c5-4807-88ff-e77475bae0d9,1,PNEUMONIA
6a64c194-635e-4ab0-aefa-aeb2be0aac53,0,NON_PNEUMONIA
9f29c2b5-9c22-445f-83f7-d0015376df00,0,NON_PNEUMONIA
d3573178-716c-463c-a50e-b101fecd267e,0,NON_PNEUMONIA
79b34f64-0c0b-458b-82c3-95f938d3ab08,0,NON_PNEUMONIA
c4a2d840-1173-41f8-9edd-66dd47e32eba,0,NON_PNEUMONIA
26080061-2232-48a5-99aa-e0984b4d5427,0,NON_PNEUMONIA
8ecf57a1-3117-4baf-851b-9919d9873860,0,NON_PNEUMONIA
9f1a8c65-97ee-46d5-8b27-c0dd262bf41c,0,NON_PNEUMONIA
32f1f953-db5b-459c-bb4f-4b785ee2c3a2,1,PNEUMONIA
7122e35f-0a9e-49b9-b2f3-a80e85cc521e,0,NON_PNEUMONIA
c50e1445-58f2-41c5-9774-2d9e24db380b,0,NON_PNEUMONIA
b51c3c24-f9aa-4039-9fc1-527a5567dff6,1,PNEUMONIA
d96ee1e0-5778-4da1-84b7-0e9149f72492,0,NON_PNEUMONIA
5d911996-656d-43cb-af29-6ff04cbf752f,1,PNEUMONIA
3c806302-fbec-46b7-aa1c-62e06ac85cd3,1,PNEUMONIA
bf3ef845-34ab-4b80-81e7-ac7a3b23485a,1,PNEUMONIA
8ed4a02c-9d40-457e-a8d0-c890026c4067,0,NON_PNEUMONIA
7834a7b0-6064-4f9c-bf5c-a526393af472,1,PNEUMONIA
8a8397ed-93cd-45b2-95f3-bf929c3a942f,0,NON_PNEUMONIA
a9166819-3c04-4552-bea7-f4d548709096,0,NON_PNEUMONIA
4ea7fd4a-04c4-4c55-ad69-8ce971f9aff5,0,NON_PNEUMONIA
e56de97f-aac0-4a7c-8ddd-f861cae269f1,1,PNEUMONIA
7e299a8b-364b-4348-bd16-c43ece7c9d12,0,NON_PNEUMONIA
feb18c4a-f0b6-4987-8564-22ca37b19f6b,0,NON_PNEUMONIA
5f3f0adc-0d3d-4fbf-b24a-e2b1ccb4af93,1,PNEUMONIA
469481f9-b1cc-48f0-ab42-235e44cadb13,0,NON_PNEUMONIA
6aa019d7-8e9c-4dba-8621-fdad4efa4f2e,0,NON_PNEUMONIA
f34899e1-3927-4191-b50c-bec95808139c,1,PNEUMONIA
14a17c79-36ac-4794-8f6b-797df627ea4d,0,NON_PNEUMONIA
bf506a9c-19c7-4dd8-acb4-b8d6569091d8,1,PNEUMONIA
6cc52f7b-b56a-461d-8b3b-721ff750df6e,0,NON_PNEUMONIA
3f11c0cd-f83f-4eb9-9968-2cf5958d9147,0,NON_PNEUMONIA
a8031125-1a13-40fd-9aeb-164e1a421f22,1,PNEUMONIA
b625110c-330c-47f9-aa5a-31adaad56151,1,PNEUMONIA
718d7420-83bf-48a2-9419-042046583ffc,0,NON_PNEUMONIA
d0fee7f3-1d7e-436f-b294-316c06ab88f4,0,NON_PNEUMONIA
f8652adc-fea7-4f0a-be71-ec8bac772822,0,NON_PNEUMONIA
4bb57856-c155-4099-bcd6-d254547994d2,1,PNEUMONIA
bfbf1dcd-242c-4f22-8ef3-f72c8295535f,1,PNEUMONIA
b9a50c1f-4b93-4a91-963f-a8d06fe077ee,1,PNEUMONIA
bc0f83be-459b-41e5-a720-c2d3241ab395,1,PNEUMONIA
9f8cfaf8-3bf9-4d4d-a0be-40091e83cba1,0,NON_PNEUMONIA
4a2abe71-8cd4-4d57-978d-2da7d67bd80d,0,NON_PNEUMONIA
f5ff6567-9b99-4070-9b62-51b336336859,1,PNEUMONIA
93dae4d4-9f5a-4554-a882-6e4d3e9b39c1,1,PNEUMONIA
c75b22e9-76d9-4fdd-80cf-d7b88eb6d998,0,NON_PNEUMONIA
5ab66ad0-25a2-4e41-8f40-960154a008f2,0,NON_PNEUMONIA
ab327761-77b9-45f1-8c22-6dcb35bcf672,0,NON_PNEUMONIA
0cc92744-51e9-4239-9e8f-81c229424d23,0,NON_PNEUMONIA
6ab0559b-24d5-44d4-a8c8-e03bdce9c88b,0,NON_PNEUMONIA
15074516-5791-4026-b665-3cfea4748323,0,NON_PNEUMONIA
e0aeb719-e2f9-4742-b3b2-71d9dfc42613,0,NON_PNEUMONIA
4b9aa1da-6bba-4897-8d46-2f6d119ddc77,0,NON_PNEUMONIA
5492dac4-a895-4e35-9c0e-aa787a48aa1a,0,NON_PNEUMONIA
45f17f68-55c9-43ee-a693-f2a2687b8bd3,0,NON_PNEUMONIA
7bb2b123-4ef5-48a5-8eeb-41ba2bcc79e2,0,NON_PNEUMONIA
54c802c5-5e86-4c6f-ad98-5ecbc3d40841,0,NON_PNEUMONIA
66a01743-311e-452a-b093-2ef63ca3ae2b,0,NON_PNEUMONIA
8dae91d8-3c8b-46ec-9e18-ecdec5f7a91d,0,NON_PNEUMONIA
42da1a6f-7984-4d82-b10a-603b8e3724c5,1,PNEUMONIA
aadb6dc2-bcd7-42fe-a424-a5f7af6c9f74,1,PNEUMONIA
b2258e40-0b4d-41f1-8922-d0924c8aa145,0,NON_PNEUMONIA
fd45f813-2237-4639-b340-2e1b97737da6,1,PNEUMONIA
b62671fb-a758-401b-8c5f-c2b53dfdbd69,0,NON_PNEUMONIA
5a8415b5-f658-4d37-8144-1aa22420f84f,1,PNEUMONIA
d0741000-c3ec-4c40-962b-a1997aa25568,0,NON_PNEUMONIA
abc07cd4-2d0f-4ad8-a516-b45d035dadb1,1,PNEUMONIA
ab46a2e2-5229-43d6-a473-462948d545d5,0,NON_PNEUMONIA
45c19b16-ce15-4312-b9fb-df6b80439474,0,NON_PNEUMONIA
7e1eb863-810f-4d45-8b27-bbbe163ec790,0,NON_PNEUMONIA
a61b96d1-418a-4841-a26c-0f2ad9e9f1f2,0,NON_PNEUMONIA
38236bf5-3764-46cc-955b-a55238db74a6,0,NON_PNEUMONIA
438090bc-eafe-448f-99de-33a5929cd44e,0,NON_PNEUMONIA
9efa04ab-254a-4047-8f2f-91e5fe93062f,1,PNEUMONIA
a2f0b32a-6788-481b-879c-49c88e2407bb,0,NON_PNEUMONIA
3b2cd577-6e31-4b41-8349-dacac273aadf,1,PNEUMONIA
ec0f455f-e6ae-4620-86f1-add320174216,0,NON_PNEUMONIA
758500d2-343d-4407-b5b4-8fd6b712998c,0,NON_PNEUMONIA
646c5b26-1b84-4a22-9988-112cb6cce4c8,0,NON_PNEUMONIA
32dbe7f3-6c0d-4320-9c89-775dbbb933e8,1,PNEUMONIA
5a2fc23d-facb-4105-bf35-ba87ccc78eaa,0,NON_PNEUMONIA
ade191f7-87b9-4067-ac55-d290deda8fa6,0,NON_PNEUMONIA
b21091fa-70ab-432b-a05d-edfa6674cf9f,1,PNEUMONIA
c53e60a3-2b45-40db-a910-e877f197b421,1,PNEUMONIA
a6540b20-026b-44b4-ab0e-2da2ffa087f6,0,NON_PNEUMONIA
c533a5ed-72a3-45bf-bae3-1ed9595a9bcd,1,PNEUMONIA
a70615e6-1c2f-465a-b507-5faec41c5b3a,0,NON_PNEUMONIA
81cc48ed-0b64-436e-809e-47c3fc35006f,0,NON_PNEUMONIA
0c8b3735-25e3-4628-bb53-8c24e10eec56,1,PNEUMONIA
051e6e97-fda7-4b5c-8d5f-084bf3607d22,1,PNEUMONIA
c5315efe-b147-427e-b81b-d1cb0bba68ce,0,NON_PNEUMONIA
947ddbef-0219-45f9-89e3-6b7cd1c4bce9,0,NON_PNEUMONIA
6c685c7d-2d48-4791-ba79-21136b30347b,0,NON_PNEUMONIA
57e54485-0889-4641-ba5c-54cb2fe1d0c7,0,NON_PNEUMONIA
ff82e39d-608f-4f9d-b4db-f8598544e754,0,NON_PNEUMONIA
6f27fe76-2a4b-4679-8381-664160325373,0,NON_PNEUMONIA
e1f89c7c-efde-42a8-ab1d-dd7d59f8bff5,0,NON_PNEUMONIA
f8119c58-ee61-473b-935f-d7b80004430a,0,NON_PNEUMONIA
49f0fa25-89cd-41a7-9c70-4d7d8d9be572,1,PNEUMONIA
c4308828-105d-4cb5-9a1a-409288788769,0,NON_PNEUMONIA
656ea13b-f710-4709-9181-0a78319ffc37,0,NON_PNEUMONIA
9ea62a2d-578b-4945-8d7b-d2f8d7773b5e,0,NON_PNEUMONIA
91d27278-e329-4065-bc04-1e69f9ee2db0,1,PNEUMONIA
c7935568-7703-4ffe-8b55-b656cc5bb7bc,0,NON_PNEUMONIA
1748e4e2-5c73-4794-81fe-2c5fe4af8cdd,1,PNEUMONIA
34873b9f-5305-404e-b7f7-5105feede48a,1,PNEUMONIA
1cadf040-18bb-424d-aa1f-2e6fa971277b,0,NON_PNEUMONIA
8ca24874-517a-4271-9465-f4c4b87efd29,0,NON_PNEUMONIA
1889dd53-607f-4897-9be6-b2a5c078d6b3,1,PNEUMONIA
37f025d9-05c0-4e27-9a75-2e6a2085fa30,1,PNEUMONIA
0983ae59-b906-4fd5-a810-edfe0580fe3b,1,PNEUMONIA
742d5090-857c-48b4-9812-277ca12303e9,0,NON_PNEUMONIA
31fde4e6-d2f5-4467-aa7b-e6bb2e2738d1,1,PNEUMONIA
b3671358-67b4-4e10-93af-c62a561d1546,1,PNEUMONIA
3bd5e45e-886d-4d51-8bc5-f7714984e7c1,0,NON_PNEUMONIA
ea7e10de-91f0-44b7-88ed-6e42f2e83ae7,1,PNEUMONIA
b25f283e-c7d0-47b0-8daf-17e79407866a,1,PNEUMONIA
b46fcbd0-8851-4561-96de-0a820e49f45d,1,PNEUMONIA
b5383fbc-271d-48a0-8d17-83f2dfb2e52b,0,NON_PNEUMONIA
d5be0945-b546-4640-b0a0-d2dd209122e8,1,PNEUMONIA
e3a261d3-0cfe-4e75-ab0b-1dfd45a9991b,0,NON_PNEUMONIA
aaa04d93-39da-47c1-8736-a1a2c85114af,1,PNEUMONIA
aafca7fa-b482-4e37-bbc4-96da4b744847,1,PNEUMONIA
bee78c8a-8a21-49b3-b1d5-93c93ccf300c,1,PNEUMONIA
f556368d-3eb0-4b06-bc4d-535acc1ea1ad,1,PNEUMONIA
eea1c2f6-4bc0-433a-abc9-5f97cdc1b0ac,0,NON_PNEUMONIA
4fd86b92-7ee7-44b7-8b94-7bafbedfaedd,1,PNEUMONIA
67a495f5-4a1c-4176-9562-2657a7790eed,0,NON_PNEUMONIA
616f7796-b973-4da5-9a6d-59988640d84d,0,NON_PNEUMONIA
7ac367b2-e089-4f7e-b080-b52e53664b2f,0,NON_PNEUMONIA
e574ed60-29a0-4557-9ff4-59cefb52207a,0,NON_PNEUMONIA
b34524bc-e812-4067-a0e8-bd7185bfb814,1,PNEUMONIA
c80c8b8f-e4af-48a1-a7a4-42ac433d315e,0,NON_PNEUMONIA
9954f203-ec80-45ce-85a6-fb155368370f,1,PNEUMONIA
f655a822-225d-4fe0-a69f-0886f91c5f2b,1,PNEUMONIA
112bf6f9-0ac8-4ca0-a84b-ea29811fd871,1,PNEUMONIA
dd7cf95b-f215-4880-9f3a-b7eb7b27fb79,1,PNEUMONIA
a89eb468-2a15-4370-8725-70e8a1ff9007,1,PNEUMONIA
3f9d98ed-1a89-436c-a528-8d34b10a8530,1,PNEUMONIA
d7fbe785-834b-4a8f-877f-98ad07a10c98,0,NON_PNEUMONIA
aaa75c43-b169-4831-a539-f6fb2b173a05,1,PNEUMONIA
f2e4c367-947c-48ad-be63-2a1879f7b280,0,NON_PNEUMONIA
624a95b9-354b-415e-8bcc-382c6510469d,1,PNEUMONIA
169d225c-4691-4897-a382-8aac28b0c348,0,NON_PNEUMONIA
829c0125-36d6-4bce-ae3a-6e1aef128f51,1,PNEUMONIA
67c1c533-d61b-4670-a297-513f03efcb21,0,NON_PNEUMONIA
852e6985-34e7-4e40-931d-d639cd87a671,0,NON_PNEUMONIA
a3876172-efc8-4252-a340-522a6921b74f,0,NON_PNEUMONIA
1636e48a-74eb-48d3-9a84-83f99af0a1fc,1,PNEUMONIA
ff7a9337-c12a-45a9-ab7f-3d7ea08e1162,0,NON_PNEUMONIA
4cbb68e5-1ca0-4a2a-b3d2-022110364d7c,1,PNEUMONIA
3fff0799-2364-415a-a5c4-7e16ec74a9d9,0,NON_PNEUMONIA
0a51f668-b7b1-4d8d-9ab9-de1f702f071a,1,PNEUMONIA
3f79f27a-6d84-4ff1-88a2-eb05ff9a5f57,1,PNEUMONIA
651e8ecb-52ac-492b-8026-9e4a16873b11,0,NON_PNEUMONIA
dcbe0105-e433-49a0-82e8-6fbcbe736b04,0,NON_PNEUMONIA
ed5b8fd3-20e3-4b3d-8044-6332cd15c2dd,0,NON_PNEUMONIA
0bbe0f92-940f-431a-b8c4-3b371ea7d9aa,1,PNEUMONIA
8a233483-8ab2-4cc5-b32b-20fe40cc5d77,1,PNEUMONIA
b4198862-dc25-4cff-acd5-b0b954bd3a03,1,PNEUMONIA
e474cc30-33cc-42cd-9128-8981512eeeb8,0,NON_PNEUMONIA
a3d252ca-0faa-42ca-82db-fb199b26cae1,0,NON_PNEUMONIA
351fe1bb-2966-43a1-9837-fc9664c05266,1,PNEUMONIA
534dd305-b5ae-4200-9e77-0662f9094d4b,0,NON_PNEUMONIA
5b6ae851-f240-4a3e-ace5-c8f61853c872,1,PNEUMONIA
89aa5c47-f644-4add-a711-6c66adb39003,0,NON_PNEUMONIA
66184e1e-d09c-4cfc-9ff7-5b892566f140,0,NON_PNEUMONIA
01a7353d-25bb-4ff8-916b-f50dd541dccf,1,PNEUMONIA
e89c3c68-04d3-4675-ba9b-cd9fed51055a,0,NON_PNEUMONIA
0100515c-5204-4f31-98e0-f35e4b00004a,1,PNEUMONIA
bf842c92-c6ed-4be4-b188-c05ec8bf8dc2,1,PNEUMONIA
d0bf4efc-423c-436a-87b9-1fd968e99f51,0,NON_PNEUMONIA
78de87af-368f-4821-985b-c21d83392e5f,0,NON_PNEUMONIA
8cd59e79-9242-4364-8605-2dd2c162292f,0,NON_PNEUMONIA
af31012f-209d-41cf-a2f4-4ef1105067c9,1,PNEUMONIA
d72cd242-ad82-480f-acd1-e1b3a793cad2,1,PNEUMONIA
04e6f392-a196-447f-9b75-f5af995a36d0,1,PNEUMONIA
c5b92898-2d6a-4047-97c2-6192d08fd9cf,0,NON_PNEUMONIA
3ea080bf-4e81-4037-a686-fcf254a9e1bb,0,NON_PNEUMONIA
3703a60d-cd4c-4183-865d-82825a95af81,1,PNEUMONIA
eb061685-c06f-400c-ab24-a7f702684c02,1,PNEUMONIA
32ec2e2d-9efb-4510-a7c1-14a007336a68,1,PNEUMONIA
9bc684ec-12a8-4c76-85a3-29a75d550968,1,PNEUMONIA
0798f0c3-bf7d-4f04-bd5e-b119163ea1b0,1,PNEUMONIA
4f067b69-3b06-417d-b950-99bd8223b27d,0,NON_PNEUMONIA
3d63f3f8-08cb-4c56-9f03-c634b705c23f,0,NON_PNEUMONIA
6bf5ff1a-07df-4c64-8fdf-dd8a26ab9b5b,1,PNEUMONIA
f5ab1b24-8ee2-4f6b-8866-0c5e6d0581cf,0,NON_PNEUMONIA
c600753e-3394-4e74-9f7c-6687891aacc4,1,PNEUMONIA
abcb43a2-7b1d-428a-b909-e54c92acbd5b,1,PNEUMONIA
5d1d1eb6-1c43-416e-b280-7aa689c4589a,1,PNEUMONIA
25af79cb-2656-4565-ae88-ff98eccced9a,0,NON_PNEUMONIA
ad233e1a-853b-4ad8-951f-a756c3cf2d53,1,PNEUMONIA
a5ca0085-546e-4939-beee-25f87a033093,1,PNEUMONIA
b9a014f0-6ab0-449a-be4d-1911473dde10,1,PNEUMONIA
57b0d4e3-3545-4bdf-9657-93c6107cc7bc,0,NON_PNEUMONIA
f9f6d4d7-a07d-4856-81a2-5674ba0fc0b8,0,NON_PNEUMONIA
66b1bb44-ddc8-4d55-ba6e-dda25beb2190,0,NON_PNEUMONIA
7d39bd13-ce27-4ce1-95e5-235a9079e4cc,0,NON_PNEUMONIA
7d9de861-2aa8-49d6-a2c5-47a5d7e1d06f,1,PNEUMONIA
7edec8d0-1125-4ece-a325-3cb31fcf9d09,0,NON_PNEUMONIA
e701619c-8f85-4fd2-af6b-0e751d4c561d,0,NON_PNEUMONIA
ca4c5a67-2f27-45f9-ae0a-72ebf4982c40,0,NON_PNEUMONIA
3cd1620d-069f-40cf-a63a-197a3eda9c66,1,PNEUMONIA
c8d43f45-f21f-4e7b-96bf-2fc068be6310,0,NON_PNEUMONIA
601dd9c6-3544-4a3b-94b7-f9b77ae19451,0,NON_PNEUMONIA
b070ebb3-1940-443b-8cca-85eb31ff8b23,0,NON_PNEUMONIA
d4ce29be-5881-484c-8b05-9f7887e52eb2,0,NON_PNEUMONIA
70764772-7dbc-4ab1-a5ed-08108fa547d8,1,PNEUMONIA
b93d42c3-bc14-4095-ace7-a1c675cc77b8,0,NON_PNEUMONIA
466923ee-bc63-4b8b-8129-929e3a303c8f,0,NON_PNEUMONIA
908a9eb7-dc6d-4113-ba9a-28a50140563f,1,PNEUMONIA
4e14472a-20d8-4c6a-9322-d8977e0948c4,0,NON_PNEUMONIA
8d33c03b-b7a1-4e67-8924-2854f2112d24,0,NON_PNEUMONIA
ae9439c0-31a2-4b2a-946e-f9f497109c42,1,PNEUMONIA
b75c6c0c-b9da-4d7d-a968-c1fb92ee5327,1,PNEUMONIA
d63b315b-cac3-487b-aee7-258691082c98,0,NON_PNEUMONIA
2d096d09-0957-43b5-a78d-2ea2c2d03b6b,0,NON_PNEUMONIA
59b217dd-1b12-4de7-918f-43a0f180986d,0,NON_PNEUMONIA
c321b4b1-4ed5-4469-bf78-c4c783e516c3,1,PNEUMONIA
6e73017c-4e3a-499b-a597-4a797bb179de,1,PNEUMONIA
4c7fc3dd-9dda-4ee5-85e5-9b6136e1ce64,1,PNEUMONIA
c348479b-d4d4-4cee-8113-763b803820fb,1,PNEUMONIA
04e9f692-f3d6-496b-ae0c-905137cc1f84,1,PNEUMONIA
05dad446-45f7-44df-bd2f-4673d9502348,1,PNEUMONIA
b26cc8d8-a11b-4b2f-ad69-41ad37ad5c53,0,NON_PNEUMONIA
6821b958-8b00-40f0-8ec2-8912d21acfaa,1,PNEUMONIA
36491026-0b06-429a-97bf-644518295055,1,PNEUMONIA
a1343a3d-1391-4fda-b0c4-1271cea7961e,0,NON_PNEUMONIA
05632b7f-f4c5-4d67-aa93-8f3c04eb7937,1,PNEUMONIA
0101174b-6643-4d4e-b4ba-b6d41d0ce46a,1,PNEUMONIA
c4e96c53-34f7-4607-bab4-45e982079b2b,1,PNEUMONIA
b15381ff-aa71-4e77-9292-ea70c1b3233e,0,NON_PNEUMONIA
558be737-d2a6-46f3-ad06-cd8af95b5d36,1,PNEUMONIA
2118026e-ed2f-4d1e-baa2-0e9e1004f72c,0,NON_PNEUMONIA
1923df31-e23a-4ee4-86f8-35d124af2f61,1,PNEUMONIA
f7a488d3-34b2-4bcf-b61a-b4ad12c230e0,0,NON_PNEUMONIA
fd6798fe-0267-43c0-a6e8-798760f03399,0,NON_PNEUMONIA
c1273696-fdec-48a9-988c-74e57b6323fa,1,PNEUMONIA
e8a7fd94-3616-448a-a57d-f4507987f185,1,PNEUMONIA
8c2aa2bb-ac88-4f14-a322-72d7e23749e8,1,PNEUMONIA
96d2413d-d424-43ea-8d6b-f2e861c2773e,1,PNEUMONIA
a684b3b1-3d9f-4288-9095-cb5b28aa2eda,1,PNEUMONIA
02ea6b76-4189-47c5-a8bf-70590f84ebd8,1,PNEUMONIA
c5a27c73-aef3-407e-9724-333e97a583c9,1,PNEUMONIA
059f1e59-573c-49d1-ac78-3323a2ff047f,1,PNEUMONIA
701a43dd-cdd4-44be-a41b-cb28b921366c,0,NON_PNEUMONIA
bcaf0768-3841-4280-8de4-57e822f38c7a,1,PNEUMONIA
70656db6-3c0f-484b-9a6f-9b4312f8d785,0,NON_PNEUMONIA
f42223b1-1a5b-45c2-a1d2-25c6df776484,1,PNEUMONIA
453a9434-2ca7-4a28-b6f3-833b994e6e73,1,PNEUMONIA
407bc983-cb9f-4559-9e82-8b559e466042,1,PNEUMONIA
da3a1825-40e8-4168-9a91-1f17f9b385f8,0,NON_PNEUMONIA
497c6936-eabe-436c-9def-6a4d129b12d3,1,PNEUMONIA
3e3babaa-b242-4dac-a549-9c87dec28ead,1,PNEUMONIA
